id,first_frame,last_frame,size_long_cm,size_short_cm,speed_flow_cm_s,speed_kalman_cm_s,type
1,13,201,7.94,4.83,9.44,9.4,typeA
2,52,232,7.03,5.3,9.4,9.4,typeB
3,82,273,9.54,3.91,9.47,9.4,typeC
4,118,306,7.98,4.85,9.38,9.4,typeA
5,157,337,7.03,5.31,9.39,9.4,typeB
6,176,359,9.56,4.39,9.35,9.4,typeC
7,186,359,9.54,3.9,9.46,9.4,typeC
8,203,359,7.86,4.78,9.47,9.4,typeA
9,223,359,7.98,4.85,9.44,9.4,typeA
10,256,359,9.54,3.9,9.45,9.4,typeC
11,297,359,7.04,5.32,9.38,9.4,typeB
12,328,359,8.01,4.85,9.44,9.1,typeA
